bug_id,"product","component","assigned_to","bug_status","resolution","opendate","changeddate"
206219,"WebKit","Forms","webkit-unassigned","NEW"," ---","2020-01-14 02:32:10","2020-02-23 09:25:09"
208035,"WebKit","New Bugs","achristensen","NEW"," ---","2020-02-20 15:32:12","2020-02-24 10:12:41"
208175,"WebKit","New Bugs","andresg_22","NEW"," ---","2020-02-24 20:02:07","2020-02-24 22:05:37"
139438,"WebKit","Tools / Tests","aperez","NEW"," ---","2014-12-09 02:43:45","2020-02-22 16:36:16"
151885,"WebKit","Platform","bfulgham","NEW"," ---","2015-12-04 14:35:23","2020-02-21 12:00:51"
206431,"WebKit","JavaScriptCore","caitp","NEW"," ---","2020-01-17 10:58:21","2020-02-24 08:02:45"
204936,"WebKit","DOM","cathiechen","NEW"," ---","2019-12-05 23:00:23","2020-02-17 21:40:34"
202566,"WebKit","JavaScriptCore","chi187","NEW"," ---","2019-10-03 23:37:58","2020-02-19 12:23:32"
158401,"WebKit","Tools / Tests","commit-queue","NEW"," ---","2016-06-05 12:37:04","2020-02-24 19:04:25"
197297,"WebKit","Tools / Tests","commit-queue","NEW"," ---","2019-04-25 15:08:44","2020-02-24 14:31:34"
201849,"WebKit","Tools / Tests","commit-queue","NEW"," ---","2019-09-16 16:27:30","2020-02-24 07:47:10"
206178,"WebKit","HTML Editing","commit-queue","NEW"," ---","2020-01-13 08:48:58","2020-02-24 19:04:25"
206554,"WebKit","Tools / Tests","commit-queue","NEW"," ---","2020-01-21 14:16:27","2020-02-20 10:55:02"
207995,"WebKit","Tools / Tests","commit-queue","NEW"," ---","2020-02-19 22:19:07","2020-02-24 03:42:33"
208016,"WebKit","Tools / Tests","commit-queue","NEW"," ---","2020-02-20 10:54:16","2020-02-24 16:57:18"
208017,"WebKit","Tools / Tests","commit-queue","NEW"," ---","2020-02-20 10:54:26","2020-02-22 17:14:20"
208159,"WebKit","Tools / Tests","commit-queue","NEW"," ---","2020-02-24 15:03:20","2020-02-24 19:04:25"
207890,"WebKit","WPE WebKit","cturner","NEW"," ---","2020-02-18 08:10:26","2020-02-19 05:13:37"
126404,"WebKit","WebGL","dino","NEW"," ---","2014-01-02 14:26:46","2020-02-17 16:55:02"
207858,"WebKit","WebGL","dino","NEW"," ---","2020-02-17 13:46:44","2020-02-24 15:01:20"
208183,"WebKit","New Bugs","dpino","NEW"," ---","2020-02-25 00:15:38","2020-02-25 00:15:59"
208079,"WebKit","Animations","graouts","NEW"," ---","2020-02-21 16:32:45","2020-02-24 09:13:44"
205192,"WebKit","New Bugs","jer.noble","NEW"," ---","2019-12-12 17:53:36","2020-02-17 20:25:23"
207795,"WebKit","New Bugs","jer.noble","NEW"," ---","2020-02-14 14:54:58","2020-02-24 13:55:08"
208090,"WebKit","New Bugs","jer.noble","NEW"," ---","2020-02-21 23:37:49","2020-02-24 22:24:59"
203735,"WebKit","Tools / Tests","jiewen_tan","NEW"," ---","2019-11-01 06:24:21","2020-02-22 06:08:35"
208087,"WebKit","WebKit Misc.","jiewen_tan","NEW"," ---","2020-02-21 20:54:28","2020-02-24 15:51:22"
208157,"WebKit","WebKit Website","jond","NEW"," ---","2020-02-24 14:33:41","2020-02-24 14:38:22"
207522,"WebKit","JavaScriptCore","justin_michaud","NEW"," ---","2020-02-10 16:56:44","2020-02-24 16:17:14"
207842,"WebKit","WebKit Misc.","katherine_cheney","NEW"," ---","2020-02-17 08:43:25","2020-02-17 08:43:49"
208155,"WebKit","WebKit Misc.","katherine_cheney","NEW"," ---","2020-02-24 13:39:28","2020-02-24 22:20:58"
208071,"WebKit","New Bugs","keith_miller","NEW"," ---","2020-02-21 12:09:01","2020-02-21 12:09:01"
207916,"WebKit","WebCore Misc.","krollin","NEW"," ---","2020-02-18 15:10:29","2020-02-21 11:14:14"
207986,"WebKit","Tools / Tests","lmoura","NEW"," ---","2020-02-19 19:56:18","2020-02-20 07:44:58"
138127,"WebKit","History","mcatanzaro","NEW"," ---","2014-10-27 22:23:32","2020-02-19 13:33:23"
208060,"WebKit","WebKit Misc.","mcatanzaro","NEW"," ---","2020-02-21 09:17:51","2020-02-21 09:37:02"
207791,"WebKit","New Bugs","megan_gardner","NEW"," ---","2020-02-14 14:23:19","2020-02-18 11:44:28"
208023,"WebKit","New Bugs","mmaxfield","NEW"," ---","2020-02-20 11:32:12","2020-02-20 13:01:06"
208084,"WebKit","New Bugs","mmaxfield","NEW"," ---","2020-02-21 17:29:11","2020-02-24 11:40:49"
164193,"WebKit","DOM","Ms2ger","NEW"," ---","2016-10-29 15:54:46","2020-02-20 07:03:20"
208168,"WebKit","Layout and Rendering","nham","NEW"," ---","2020-02-24 16:37:29","2020-02-24 18:33:33"
207782,"WebKit","Media","peng.liu6","NEW"," ---","2020-02-14 12:06:05","2020-02-16 22:25:21"
208048,"WebKit","New Bugs","pmatos","NEW"," ---","2020-02-21 04:28:54","2020-02-21 04:56:20"
195182,"WebKit","Web Template Framework","pnormand","NEW"," ---","2019-02-28 12:44:21","2020-02-24 01:58:22"
205658,"WebKit","Tools / Tests","pnormand","NEW"," ---","2019-12-31 11:23:48","2020-02-23 10:59:11"
207634,"WebKit","Platform","pnormand","NEW"," ---","2020-02-12 07:52:17","2020-02-24 10:23:24"
207756,"WebKit","WPE WebKit","pnormand","NEW"," ---","2020-02-14 04:34:11","2020-02-24 10:30:11"
207933,"WebKit","Web Template Framework","pnormand","NEW"," ---","2020-02-19 03:38:51","2020-02-24 13:48:58"
208012,"WebKit","WebKit Misc.","pvollan","NEW"," ---","2020-02-20 10:00:50","2020-02-20 10:05:00"
208033,"WebKit","WebKit Misc.","pvollan","NEW"," ---","2020-02-20 15:20:42","2020-02-21 08:27:58"
208146,"WebKit","WebKit Misc.","pvollan","NEW"," ---","2020-02-24 10:50:49","2020-02-24 15:27:55"
191924,"WebKit","New Bugs","rbuis","NEW"," ---","2018-11-23 08:01:49","2020-02-18 00:31:28"
196698,"WebKit","Images","rbuis","NEW"," ---","2019-04-08 10:39:40","2020-02-18 12:32:40"
203557,"WebKit","Images","rbuis","NEW"," ---","2019-10-29 02:25:30","2020-02-24 02:11:31"
207901,"WebKit","New Bugs","rbuis","NEW"," ---","2020-02-18 11:59:35","2020-02-22 12:29:21"
187257,"WebKit","Tools / Tests","rmorisset","NEW"," ---","2018-07-02 11:04:12","2020-02-20 22:57:09"
204955,"WebKit","Layout and Rendering","sabouhallawa","NEW"," ---","2019-12-06 12:07:21","2020-02-24 17:51:13"
207134,"WebKit","Canvas","sabouhallawa","NEW"," ---","2020-02-03 11:01:47","2020-02-24 22:08:16"
208038,"WebKit","Images","sabouhallawa","NEW"," ---","2020-02-20 16:11:14","2020-02-20 19:48:54"
208067,"WebKit","SVG","sabouhallawa","NEW"," ---","2020-02-21 11:13:26","2020-02-21 11:30:34"
208116,"WebKit","JavaScriptCore","sbarati","NEW"," ---","2020-02-23 16:00:39","2020-02-23 16:00:39"
208176,"WebKit","JavaScriptCore","sbarati","NEW"," ---","2020-02-24 22:42:25","2020-02-24 22:53:54"
208144,"WebKit","New Bugs","sihui_liu","NEW"," ---","2020-02-24 10:43:47","2020-02-24 19:11:54"
208148,"WebKit","New Bugs","sihui_liu","NEW"," ---","2020-02-24 11:28:53","2020-02-24 22:22:35"
193671,"WebKit","Scrolling","simon.fraser","NEW"," ---","2019-01-22 08:43:49","2020-02-17 14:37:11"
207870,"WebKit","New Bugs","simon.fraser","NEW"," ---","2020-02-17 16:44:19","2020-02-18 09:24:35"
207993,"WebKit","Animations","simon.fraser","NEW"," ---","2020-02-19 21:15:18","2020-02-21 09:21:51"
208070,"WebKit","Compositing","simon.fraser","NEW"," ---","2020-02-21 12:08:33","2020-02-24 10:56:32"
200626,"WebKit","Media","vjaquez","NEW"," ---","2019-08-12 05:57:37","2020-02-24 07:28:26"
23113,"WebKit","SVG","webkit-unassigned","NEW"," ---","2009-01-04 20:17:43","2020-02-21 08:46:44"
50856,"WebKit","Tools / Tests","webkit-unassigned","NEW"," ---","2010-12-10 17:40:31","2020-02-24 15:03:20"
75558,"WebKit","CSS","webkit-unassigned","NEW"," ---","2012-01-04 09:59:51","2020-02-19 03:29:53"
80362,"WebKit","WebCore Misc.","webkit-unassigned","NEW"," ---","2012-03-05 17:45:26","2020-02-19 11:19:31"
84635,"WebKit","DOM","webkit-unassigned","NEW"," ---","2012-04-23 14:37:12","2020-02-21 12:01:59"
88128,"WebKit","Layout and Rendering","webkit-unassigned","NEW"," ---","2012-06-01 13:21:12","2020-02-18 15:07:39"
105870,"WebKit","Web Audio","webkit-unassigned","NEW"," ---","2012-12-30 09:43:22","2020-02-22 17:48:37"
119175,"WebKit","Forms","webkit-unassigned","NEW"," ---","2013-07-27 00:23:12","2020-02-16 10:02:46"
138169,"WebKit","WebKit2","webkit-unassigned","NEW"," ---","2014-10-29 04:02:25","2020-02-19 01:07:37"
140205,"WebKit","WebKit2","webkit-unassigned","NEW"," ---","2015-01-07 14:05:45","2020-02-19 00:19:27"
145212,"WebKit","DOM","webkit-unassigned","NEW"," ---","2015-05-20 10:41:44","2020-02-18 21:43:58"
146452,"WebKit","Accessibility","webkit-unassigned","NEW"," ---","2015-06-30 03:39:55","2020-02-17 22:17:46"
148405,"WebKit","Tools / Tests","webkit-unassigned","NEW"," ---","2015-08-24 16:36:29","2020-02-17 15:04:07"
149916,"WebKit","WebKitGTK","webkit-unassigned","NEW"," ---","2015-10-08 00:21:15","2020-02-20 05:09:38"
151815,"WebKit","WebKit Misc.","webkit-unassigned","NEW"," ---","2015-12-03 12:02:05","2020-02-19 21:31:00"
152598,"WebKit","WebKit Misc.","webkit-unassigned","NEW"," ---","2015-12-30 09:26:56","2020-02-19 21:37:23"
153314,"WebKit","New Bugs","webkit-unassigned","NEW"," ---","2016-01-21 12:19:53","2020-02-21 09:06:21"
154811,"WebKit","WebKit Misc.","webkit-unassigned","NEW"," ---","2016-02-29 02:13:13","2020-02-19 21:35:01"
158237,"WebKit","New Bugs","webkit-unassigned","NEW"," ---","2016-05-31 14:47:15","2020-02-18 16:57:49"
158496,"WebKit","WebKit API","webkit-unassigned","NEW"," ---","2016-06-07 14:53:30","2020-02-19 01:52:21"
158812,"WebKit","WebKit2","webkit-unassigned","NEW"," ---","2016-06-15 15:05:08","2020-02-19 01:23:53"
162057,"WebKit","WebKit Misc.","webkit-unassigned","NEW"," ---","2016-09-16 03:45:12","2020-02-19 02:39:44"
168373,"WebKit","Platform","webkit-unassigned","NEW"," ---","2017-02-15 09:06:12","2020-02-19 14:24:24"
170393,"WebKit","Tools / Tests","webkit-unassigned","NEW"," ---","2017-04-02 10:24:16","2020-02-20 10:58:27"
171202,"WebKit","WebKit Misc.","webkit-unassigned","NEW"," ---","2017-04-23 14:06:44","2020-02-20 00:21:24"
173608,"WebKit","New Bugs","webkit-unassigned","NEW"," ---","2017-06-20 11:27:56","2020-02-19 08:52:07"
175067,"WebKit","WebKitGTK","webkit-unassigned","NEW"," ---","2017-08-02 04:31:21","2020-02-24 06:28:45"
175419,"WebKit","WebKitGTK","webkit-unassigned","NEW"," ---","2017-08-10 02:11:58","2020-02-24 00:59:51"
180435,"WebKit","CSS","webkit-unassigned","NEW"," ---","2017-12-05 11:35:18","2020-02-17 19:52:45"
181943,"WebKit","WebCore Misc.","webkit-unassigned","NEW"," ---","2018-01-22 13:25:10","2020-02-21 20:55:01"
182042,"WebKit","Text","webkit-unassigned","NEW"," ---","2018-01-24 01:59:43","2020-02-21 16:37:48"
183534,"WebKit","WebCore Misc.","webkit-unassigned","NEW"," ---","2018-03-09 15:54:13","2020-02-19 18:29:51"
183937,"WebKit","WebCore Misc.","webkit-unassigned","NEW"," ---","2018-03-23 08:25:09","2020-02-17 07:22:17"
186045,"WebKit","Tools / Tests","webkit-unassigned","NEW"," ---","2018-05-28 23:34:16","2020-02-18 11:24:41"
186364,"WebKit","WebKit2","webkit-unassigned","NEW"," ---","2018-06-06 15:37:13","2020-02-20 22:36:12"
186509,"WebKit","Animations","webkit-unassigned","NEW"," ---","2018-06-11 04:44:07","2020-02-17 20:16:37"
187485,"WebKit","JavaScriptCore","webkit-unassigned","NEW"," ---","2018-07-09 14:49:35","2020-02-15 07:40:49"
188360,"WebKit","WebRTC","webkit-unassigned","NEW"," ---","2018-08-06 14:34:08","2020-02-17 23:57:34"
190217,"WebKit","Layout and Rendering","webkit-unassigned","NEW"," ---","2018-10-02 13:33:28","2020-02-21 20:27:01"
190841,"WebKit","Platform","webkit-unassigned","NEW"," ---","2018-10-23 13:35:35","2020-02-18 14:22:44"
193277,"WebKit","WebCore Misc.","webkit-unassigned","NEW"," ---","2019-01-09 03:17:25","2020-02-19 20:48:51"
194539,"WebKit","Page Loading","webkit-unassigned","NEW"," ---","2019-02-12 06:48:37","2020-02-22 16:15:59"
195180,"WebKit","CSS","webkit-unassigned","NEW"," ---","2019-02-28 12:17:42","2020-02-17 10:34:22"
195251,"WebKit","WebKitGTK","webkit-unassigned","NEW"," ---","2019-03-02 15:54:55","2020-02-15 07:15:51"
195628,"WebKit","CSS","webkit-unassigned","NEW"," ---","2019-03-12 10:01:26","2020-02-24 12:48:02"
197592,"WebKit","WebGL","webkit-unassigned","NEW"," ---","2019-05-04 02:18:51","2020-02-23 21:12:45"
198276,"WebKit","Web Inspector","webkit-unassigned","NEW"," ---","2019-05-27 08:36:47","2020-02-20 16:35:51"
198277,"WebKit","Media","webkit-unassigned","NEW"," ---","2019-05-27 10:40:25","2020-02-20 03:04:42"
199991,"WebKit","WebKitGTK","webkit-unassigned","NEW"," ---","2019-07-21 10:52:37","2020-02-15 09:44:26"
201096,"WebKit","Tables","webkit-unassigned","NEW"," ---","2019-08-23 15:49:14","2020-02-16 03:44:15"
201563,"WebKit","WebKit API","webkit-unassigned","NEW"," ---","2019-09-06 14:39:46","2020-02-19 03:11:39"
202115,"WebKit","CSS","webkit-unassigned","NEW"," ---","2019-09-23 11:27:36","2020-02-19 21:44:58"
202696,"WebKit","Layout and Rendering","webkit-unassigned","NEW"," ---","2019-10-08 09:20:10","2020-02-19 09:11:51"
202705,"WebKit","JavaScriptCore","webkit-unassigned","NEW"," ---","2019-10-08 14:04:21","2020-02-21 05:18:51"
202805,"WebKit","CSS","webkit-unassigned","NEW"," ---","2019-10-10 10:39:18","2020-02-22 17:28:52"
204557,"WebKit","WebKit2","webkit-unassigned","NEW"," ---","2019-11-24 08:09:06","2020-02-19 00:18:42"
205381,"WebKit","WebKitGTK","webkit-unassigned","NEW"," ---","2019-12-18 00:31:51","2020-02-24 01:27:02"
205454,"WebKit","Animations","webkit-unassigned","NEW"," ---","2019-12-19 08:45:21","2020-02-20 13:02:06"
205626,"WebKit","Web Inspector","webkit-unassigned","NEW"," ---","2019-12-28 23:09:15","2020-02-19 22:48:59"
205717,"WebKit","WebKit2","webkit-unassigned","NEW"," ---","2020-01-03 05:17:18","2020-02-19 00:18:53"
205718,"WebKit","WebKit2","webkit-unassigned","NEW"," ---","2020-01-03 05:22:06","2020-02-19 01:32:45"
205719,"WebKit","WebKit Misc.","webkit-unassigned","NEW"," ---","2020-01-03 05:38:58","2020-02-20 00:33:29"
205720,"WebKit","WebKit2","webkit-unassigned","NEW"," ---","2020-01-03 05:42:47","2020-02-19 03:28:22"
206521,"WebKit","WebKit2","webkit-unassigned","NEW"," ---","2020-01-21 02:18:44","2020-02-19 01:43:33"
206556,"WebKit","DOM","webkit-unassigned","NEW"," ---","2020-01-21 14:27:32","2020-02-21 03:51:36"
206579,"WebKit","CSS","webkit-unassigned","NEW"," ---","2020-01-22 04:39:19","2020-02-22 17:25:45"
206741,"WebKit","WebKit2","webkit-unassigned","NEW"," ---","2020-01-24 05:27:20","2020-02-19 01:59:31"
206742,"WebKit","WebKit2","webkit-unassigned","NEW"," ---","2020-01-24 05:37:08","2020-02-20 07:12:17"
206748,"WebKit","Layout and Rendering","webkit-unassigned","NEW"," ---","2020-01-24 08:41:35","2020-02-24 05:53:43"
206749,"WebKit","WebCore Misc.","webkit-unassigned","NEW"," ---","2020-01-24 08:46:19","2020-02-22 17:51:25"
206898,"WebKit","Text","webkit-unassigned","NEW"," ---","2020-01-28 11:43:05","2020-02-18 19:20:32"
206923,"WebKit","WebKit Misc.","webkit-unassigned","NEW"," ---","2020-01-29 02:25:31","2020-02-19 00:17:36"
206924,"WebKit","WebKit Misc.","webkit-unassigned","NEW"," ---","2020-01-29 02:35:35","2020-02-19 00:17:40"
206961,"WebKit","Media","webkit-unassigned","NEW"," ---","2020-01-29 13:24:31","2020-02-18 17:24:45"
207038,"WebKit","Tools / Tests","webkit-unassigned","NEW"," ---","2020-01-31 04:12:46","2020-02-22 16:56:50"
207039,"WebKit","WebKit Misc.","webkit-unassigned","NEW"," ---","2020-01-31 05:02:50","2020-02-19 00:17:44"
207117,"WebKit","WebGPU","webkit-unassigned","NEW"," ---","2020-02-03 08:13:36","2020-02-21 11:34:45"
207119,"WebKit","JavaScriptCore","webkit-unassigned","NEW"," ---","2020-02-03 08:29:30","2020-02-18 07:25:29"
207539,"WebKit","WebKit Misc.","webkit-unassigned","NEW"," ---","2020-02-11 06:31:00","2020-02-19 02:09:20"
207540,"WebKit","WebKit Misc.","webkit-unassigned","NEW"," ---","2020-02-11 06:34:45","2020-02-19 02:03:51"
207542,"WebKit","WebKit API","webkit-unassigned","NEW"," ---","2020-02-11 06:38:42","2020-02-19 01:37:12"
207543,"WebKit","WebKit API","webkit-unassigned","NEW"," ---","2020-02-11 06:42:56","2020-02-19 02:39:12"
207544,"WebKit","WebKit API","webkit-unassigned","NEW"," ---","2020-02-11 06:43:51","2020-02-19 00:16:45"
207545,"WebKit","WebKit API","webkit-unassigned","NEW"," ---","2020-02-11 06:44:49","2020-02-19 02:24:52"
207546,"WebKit","WebKit API","webkit-unassigned","NEW"," ---","2020-02-11 06:46:21","2020-02-19 00:18:25"
207668,"WebKit","Forms","webkit-unassigned","NEW"," ---","2020-02-12 15:44:22","2020-02-16 18:29:50"
207687,"WebKit","Scrolling","webkit-unassigned","NEW"," ---","2020-02-13 04:37:27","2020-02-17 23:40:29"
207701,"WebKit","WebKitGTK","webkit-unassigned","NEW"," ---","2020-02-13 09:20:45","2020-02-17 10:41:49"
207711,"WebKit","Tools / Tests","webkit-unassigned","NEW"," ---","2020-02-13 11:54:23","2020-02-20 05:11:16"
207723,"WebKit","Tools / Tests","webkit-unassigned","NEW"," ---","2020-02-13 14:59:05","2020-02-16 18:06:27"
207783,"WebKit","WebDriver","webkit-unassigned","NEW"," ---","2020-02-14 12:56:03","2020-02-18 14:41:41"
207806,"WebKit","WebKit Misc.","webkit-unassigned","NEW"," ---","2020-02-14 21:58:31","2020-02-16 07:25:37"
207815,"WebKit","WebKit Misc.","webkit-unassigned","NEW"," ---","2020-02-15 11:56:51","2020-02-15 11:57:14"
207835,"WebKit","Web Template Framework","webkit-unassigned","NEW"," ---","2020-02-17 02:54:51","2020-02-17 02:54:51"
207839,"WebKit","WebGPU","webkit-unassigned","NEW"," ---","2020-02-17 08:07:38","2020-02-17 17:10:34"
207844,"WebKit","Frames","webkit-unassigned","NEW"," ---","2020-02-17 09:56:30","2020-02-17 10:03:24"
207847,"WebKit","New Bugs","webkit-unassigned","NEW"," ---","2020-02-17 10:29:07","2020-02-17 16:51:07"
207848,"WebKit","Scrolling","webkit-unassigned","NEW"," ---","2020-02-17 11:00:11","2020-02-17 12:00:39"
207853,"WebKit","WebKitGTK","webkit-unassigned","NEW"," ---","2020-02-17 12:41:44","2020-02-17 12:41:44"
207859,"WebKit","Images","webkit-unassigned","NEW"," ---","2020-02-17 13:58:21","2020-02-17 14:02:29"
207861,"WebKit","Scrolling","webkit-unassigned","NEW"," ---","2020-02-17 14:50:39","2020-02-17 14:55:21"
207863,"WebKit","WebKitGTK","webkit-unassigned","NEW"," ---","2020-02-17 15:00:33","2020-02-17 15:05:45"
207864,"WebKit","WebGPU","webkit-unassigned","NEW"," ---","2020-02-17 15:13:59","2020-02-17 15:21:38"
207874,"WebKit","Page Loading","webkit-unassigned","NEW"," ---","2020-02-17 18:12:56","2020-02-18 16:35:00"
207877,"WebKit","WebKitGTK","webkit-unassigned","NEW"," ---","2020-02-17 19:54:49","2020-02-22 17:57:21"
207884,"WebKit","WebKitGTK","webkit-unassigned","NEW"," ---","2020-02-18 02:19:01","2020-02-18 02:19:15"
207887,"WebKit","Media","webkit-unassigned","NEW"," ---","2020-02-18 05:13:33","2020-02-18 15:52:54"
207888,"WebKit","WebRTC","webkit-unassigned","NEW"," ---","2020-02-18 05:15:53","2020-02-18 15:23:20"
207891,"WebKit","New Bugs","webkit-unassigned","NEW"," ---","2020-02-18 08:30:30","2020-02-18 15:19:22"
207894,"WebKit","WebCore Misc.","webkit-unassigned","NEW"," ---","2020-02-18 09:00:33","2020-02-18 15:15:10"
207906,"WebKit","bmalloc","webkit-unassigned","NEW"," ---","2020-02-18 13:05:46","2020-02-18 13:18:47"
207911,"WebKit","Layout and Rendering","webkit-unassigned","NEW"," ---","2020-02-18 14:18:43","2020-02-18 14:58:34"
207920,"WebKit","SVG","webkit-unassigned","NEW"," ---","2020-02-18 15:54:20","2020-02-18 16:00:28"
207927,"WebKit","WebKitGTK","webkit-unassigned","NEW"," ---","2020-02-18 20:03:34","2020-02-18 20:03:34"
207932,"WebKit","Media","webkit-unassigned","NEW"," ---","2020-02-19 03:10:45","2020-02-19 23:21:18"
207938,"WebKit","Page Loading","webkit-unassigned","NEW"," ---","2020-02-19 08:25:50","2020-02-20 07:33:19"
207941,"WebKit","WebRTC","webkit-unassigned","NEW"," ---","2020-02-19 08:51:04","2020-02-20 15:40:54"
207942,"WebKit","Frames","webkit-unassigned","NEW"," ---","2020-02-19 08:56:33","2020-02-19 23:03:00"
207943,"WebKit","ANGLE","webkit-unassigned","NEW"," ---","2020-02-19 08:56:36","2020-02-20 13:12:56"
207948,"WebKit","New Bugs","webkit-unassigned","NEW"," ---","2020-02-19 09:39:21","2020-02-19 11:45:50"
207953,"WebKit","Scrolling","webkit-unassigned","NEW"," ---","2020-02-19 11:30:00","2020-02-19 22:49:34"
207954,"WebKit","Tools / Tests","webkit-unassigned","NEW"," ---","2020-02-19 11:54:12","2020-02-19 22:48:59"
207957,"WebKit","Media","webkit-unassigned","NEW"," ---","2020-02-19 13:22:58","2020-02-23 08:03:11"
207961,"WebKit","Tools / Tests","webkit-unassigned","NEW"," ---","2020-02-19 14:04:34","2020-02-19 16:27:33"
207962,"WebKit","Accessibility","webkit-unassigned","NEW"," ---","2020-02-19 14:16:35","2020-02-19 14:31:59"
207969,"WebKit","Media","webkit-unassigned","NEW"," ---","2020-02-19 15:20:31","2020-02-19 15:20:31"
207971,"WebKit","XML","webkit-unassigned","NEW"," ---","2020-02-19 15:35:42","2020-02-19 22:33:42"
207976,"WebKit","DOM","webkit-unassigned","NEW"," ---","2020-02-19 17:10:30","2020-02-19 22:25:21"
207978,"WebKit","Platform","webkit-unassigned","NEW"," ---","2020-02-19 17:23:03","2020-02-19 17:28:28"
207987,"WebKit","CSS","webkit-unassigned","NEW"," ---","2020-02-19 20:29:19","2020-02-19 20:29:19"
207990,"WebKit","CSS","webkit-unassigned","NEW"," ---","2020-02-19 20:40:17","2020-02-19 20:40:17"
207991,"WebKit","CSS","webkit-unassigned","NEW"," ---","2020-02-19 20:45:49","2020-02-19 20:45:49"
207992,"WebKit","CSS","webkit-unassigned","NEW"," ---","2020-02-19 20:48:18","2020-02-19 20:48:18"
207997,"WebKit","WebCore Misc.","webkit-unassigned","NEW"," ---","2020-02-20 01:35:52","2020-02-22 17:54:32"
208000,"WebKit","Web Inspector","webkit-unassigned","NEW"," ---","2020-02-20 04:08:03","2020-02-20 18:54:32"
208005,"WebKit","WebGPU","webkit-unassigned","NEW"," ---","2020-02-20 07:46:32","2020-02-20 07:52:22"
208014,"WebKit","WebKit Misc.","webkit-unassigned","NEW"," ---","2020-02-20 10:29:58","2020-02-22 17:22:08"
208018,"WebKit","New Bugs","webkit-unassigned","NEW"," ---","2020-02-20 10:57:36","2020-02-20 11:08:00"
208022,"WebKit","Tools / Tests","webkit-unassigned","NEW"," ---","2020-02-20 11:28:55","2020-02-22 17:01:50"
208030,"WebKit","Tools / Tests","webkit-unassigned","NEW"," ---","2020-02-20 13:17:31","2020-02-20 13:23:14"
208034,"WebKit","CMake","webkit-unassigned","NEW"," ---","2020-02-20 15:22:20","2020-02-20 16:56:58"
208036,"WebKit","New Bugs","webkit-unassigned","NEW"," ---","2020-02-20 16:05:19","2020-02-20 16:13:48"
208039,"WebKit","HTML Editing","webkit-unassigned","NEW"," ---","2020-02-20 17:01:13","2020-02-24 19:00:15"
208042,"WebKit","Animations","webkit-unassigned","NEW"," ---","2020-02-20 22:28:45","2020-02-20 22:30:05"
208044,"WebKit","Media","webkit-unassigned","NEW"," ---","2020-02-20 23:11:42","2020-02-24 22:54:57"
208045,"WebKit","HTML Editing","webkit-unassigned","NEW"," ---","2020-02-21 00:38:37","2020-02-24 19:00:44"
208049,"WebKit","Page Loading","webkit-unassigned","NEW"," ---","2020-02-21 04:48:58","2020-02-24 01:11:44"
208050,"WebKit","Accessibility","webkit-unassigned","NEW"," ---","2020-02-21 06:11:59","2020-02-21 06:14:34"
208052,"WebKit","WebCore Misc.","webkit-unassigned","NEW"," ---","2020-02-21 06:37:21","2020-02-21 07:26:48"
208056,"WebKit","Tools / Tests","webkit-unassigned","NEW"," ---","2020-02-21 07:58:47","2020-02-22 16:36:36"
208059,"WebKit","Animations","webkit-unassigned","NEW"," ---","2020-02-21 08:34:33","2020-02-21 10:16:11"
208062,"WebKit","Page Loading","webkit-unassigned","NEW"," ---","2020-02-21 10:02:50","2020-02-24 10:23:54"
208063,"WebKit","Forms","webkit-unassigned","NEW"," ---","2020-02-21 10:27:29","2020-02-21 10:29:53"
208065,"WebKit","Animations","webkit-unassigned","NEW"," ---","2020-02-21 10:46:39","2020-02-21 10:54:48"
208069,"WebKit","Animations","webkit-unassigned","NEW"," ---","2020-02-21 11:48:38","2020-02-24 10:46:01"
208075,"WebKit","Text","webkit-unassigned","NEW"," ---","2020-02-21 14:06:21","2020-02-21 14:07:03"
208076,"WebKit","WebGL","webkit-unassigned","NEW"," ---","2020-02-21 15:48:51","2020-02-21 15:50:44"
208077,"WebKit","Animations","webkit-unassigned","NEW"," ---","2020-02-21 16:07:08","2020-02-24 17:00:22"
208081,"WebKit","Tools / Tests","webkit-unassigned","NEW"," ---","2020-02-21 16:36:16","2020-02-21 17:03:32"
208083,"WebKit","Tools / Tests","webkit-unassigned","NEW"," ---","2020-02-21 16:54:29","2020-02-21 16:54:29"
208088,"WebKit","UI Events","webkit-unassigned","NEW"," ---","2020-02-21 21:24:49","2020-02-21 21:26:13"
208091,"WebKit","WebKitGTK","webkit-unassigned","NEW"," ---","2020-02-22 05:42:46","2020-02-23 09:00:37"
208093,"WebKit","Layout and Rendering","webkit-unassigned","NEW"," ---","2020-02-22 11:56:50","2020-02-22 14:53:19"
208094,"WebKit","Images","webkit-unassigned","NEW"," ---","2020-02-22 12:28:07","2020-02-23 23:53:52"
208095,"WebKit","Media","webkit-unassigned","NEW"," ---","2020-02-22 14:07:26","2020-02-23 13:23:28"
208101,"WebKit","Layout and Rendering","webkit-unassigned","NEW"," ---","2020-02-22 23:04:10","2020-02-24 10:57:21"
208104,"WebKit","New Bugs","webkit-unassigned","NEW"," ---","2020-02-23 03:47:32","2020-02-23 03:47:32"
208106,"WebKit","WebKitGTK","webkit-unassigned","NEW"," ---","2020-02-23 10:59:11","2020-02-23 10:59:11"
208110,"WebKit","Scrolling","webkit-unassigned","NEW"," ---","2020-02-23 12:58:24","2020-02-24 15:56:54"
208115,"WebKit","HTML Editing","webkit-unassigned","NEW"," ---","2020-02-23 15:02:10","2020-02-24 19:02:20"
208117,"WebKit","Tools / Tests","webkit-unassigned","NEW"," ---","2020-02-23 23:17:25","2020-02-23 23:20:23"
208118,"WebKit","Web Inspector","webkit-unassigned","NEW"," ---","2020-02-23 23:52:16","2020-02-23 23:52:27"
208119,"WebKit","New Bugs","webkit-unassigned","NEW"," ---","2020-02-23 23:53:33","2020-02-23 23:53:52"
208120,"WebKit","New Bugs","webkit-unassigned","NEW"," ---","2020-02-24 00:01:09","2020-02-24 00:01:09"
208121,"WebKit","New Bugs","webkit-unassigned","NEW"," ---","2020-02-24 00:22:55","2020-02-24 00:22:55"
208122,"WebKit","History","webkit-unassigned","NEW"," ---","2020-02-24 00:43:28","2020-02-24 14:54:27"
208123,"WebKit","New Bugs","webkit-unassigned","NEW"," ---","2020-02-24 00:47:16","2020-02-24 00:47:16"
208125,"WebKit","WebRTC","webkit-unassigned","NEW"," ---","2020-02-24 01:59:30","2020-02-24 01:59:30"
208126,"WebKit","New Bugs","webkit-unassigned","NEW"," ---","2020-02-24 02:02:41","2020-02-24 18:51:14"
208129,"WebKit","WebKitGTK","webkit-unassigned","NEW"," ---","2020-02-24 04:29:23","2020-02-24 07:58:31"
208130,"WebKit","WebRTC","webkit-unassigned","NEW"," ---","2020-02-24 05:25:10","2020-02-24 05:46:11"
208132,"WebKit","WebKitGTK","webkit-unassigned","NEW"," ---","2020-02-24 05:51:05","2020-02-24 12:41:49"
208134,"WebKit","WebRTC","webkit-unassigned","NEW"," ---","2020-02-24 07:31:44","2020-02-24 19:10:15"
208135,"WebKit","Layout and Rendering","webkit-unassigned","NEW"," ---","2020-02-24 07:43:54","2020-02-25 00:34:49"
208139,"WebKit","New Bugs","webkit-unassigned","NEW"," ---","2020-02-24 08:36:48","2020-02-24 08:36:48"
208142,"WebKit","Media","webkit-unassigned","NEW"," ---","2020-02-24 09:17:55","2020-02-24 19:09:53"
208150,"WebKit","DOM","webkit-unassigned","NEW"," ---","2020-02-24 12:26:08","2020-02-24 19:32:26"
208154,"WebKit","Canvas","webkit-unassigned","NEW"," ---","2020-02-24 13:25:02","2020-02-24 13:26:14"
208160,"WebKit","Scrolling","webkit-unassigned","NEW"," ---","2020-02-24 15:22:03","2020-02-24 15:27:41"
208161,"WebKit","Layout and Rendering","webkit-unassigned","NEW"," ---","2020-02-24 15:47:38","2020-02-24 15:48:03"
208165,"WebKit","WebKit2","webkit-unassigned","NEW"," ---","2020-02-24 16:16:08","2020-02-24 18:51:14"
208167,"WebKit","Service Workers","webkit-unassigned","NEW"," ---","2020-02-24 16:34:32","2020-02-24 18:48:11"
208171,"WebKit","Page Loading","webkit-unassigned","NEW"," ---","2020-02-24 17:38:35","2020-02-24 17:39:04"
208178,"WebKit","Scrolling","webkit-unassigned","NEW"," ---","2020-02-24 22:48:41","2020-02-24 22:48:41"
208179,"WebKit","Media","webkit-unassigned","NEW"," ---","2020-02-24 22:54:57","2020-02-25 00:22:26"
208180,"WebKit","New Bugs","webkit-unassigned","NEW"," ---","2020-02-25 00:01:46","2020-02-25 00:01:46"
208181,"WebKit","New Bugs","webkit-unassigned","NEW"," ---","2020-02-25 00:06:37","2020-02-25 00:06:37"
208182,"WebKit","New Bugs","webkit-unassigned","NEW"," ---","2020-02-25 00:08:45","2020-02-25 00:08:45"
207854,"WebKit","HTML Editing","wenson_hsieh","NEW"," ---","2020-02-17 12:45:24","2020-02-17 23:38:15"
207804,"WebKit","Service Workers","youennf","NEW"," ---","2020-02-14 19:28:31","2020-02-17 14:26:43"
208131,"WebKit","WebRTC","youennf","NEW"," ---","2020-02-24 05:39:31","2020-02-24 07:39:28"
208141,"WebKit","Service Workers","youennf","NEW"," ---","2020-02-24 08:55:17","2020-02-24 13:45:10"
164860,"WebKit","JavaScriptCore","ysuzuki","NEW"," ---","2016-11-17 01:18:38","2020-02-24 18:00:50"
207426,"WebKit","Web Template Framework","ysuzuki","NEW"," ---","2020-02-07 22:37:14","2020-02-19 19:22:14"
208174,"WebKit","Page Loading","ysuzuki","NEW"," ---","2020-02-24 19:36:21","2020-02-25 00:28:33"
206993,"WebKit","Tools / Tests","zalan","NEW"," ---","2020-01-30 04:58:50","2020-02-23 05:32:37"
207886,"WebKit","WebKitGTK","webkit-unassigned","NEW"," ---","2020-02-18 04:26:27","2020-02-18 04:26:27"
201934,"WebKit","Tools / Tests","aakash_jain","ASSIGNED"," ---","2019-09-18 12:09:59","2020-02-19 07:41:55"
201939,"WebKit","Tools / Tests","aakash_jain","ASSIGNED"," ---","2019-09-18 12:35:59","2020-02-20 07:42:40"
206532,"WebKit","Tools / Tests","aakash_jain","ASSIGNED"," ---","2020-01-21 07:38:32","2020-02-19 07:41:55"
206535,"WebKit","Tools / Tests","aakash_jain","ASSIGNED"," ---","2020-01-21 08:24:17","2020-02-19 07:41:55"
207918,"WebKit","Tools / Tests","aakash_jain","ASSIGNED"," ---","2020-02-18 15:26:01","2020-02-19 08:42:59"
207935,"WebKit","Tools / Tests","aakash_jain","ASSIGNED"," ---","2020-02-19 07:38:10","2020-02-19 07:41:55"
208003,"WebKit","Tools / Tests","aakash_jain","ASSIGNED"," ---","2020-02-20 07:02:50","2020-02-20 13:05:46"
191558,"WebKit","Layout and Rendering","ajuma","ASSIGNED"," ---","2018-11-12 12:56:32","2020-02-21 05:58:20"
207785,"WebKit","Tools / Tests","ap","ASSIGNED"," ---","2020-02-14 13:15:26","2020-02-16 17:55:16"
206910,"WebKit","WebKit2","cdumez","ASSIGNED"," ---","2020-01-28 14:45:43","2020-02-20 09:53:47"
208166,"WebKit","WebKit2","cdumez","ASSIGNED"," ---","2020-02-24 16:19:12","2020-02-24 17:10:05"
208177,"WebKit","HTML Editing","darin","ASSIGNED"," ---","2020-02-24 22:42:51","2020-02-24 23:27:03"
208082,"WebKit","WebKit Misc.","dbates","ASSIGNED"," ---","2020-02-21 16:45:10","2020-02-21 16:46:44"
205085,"WebKit","CMake","don.olmstead","ASSIGNED"," ---","2019-12-10 14:26:39","2020-02-19 15:56:14"
208080,"WebKit","Media","eric.carlson","ASSIGNED"," ---","2020-02-21 16:34:23","2020-02-22 10:39:15"
208047,"WebKit","WebCore Misc.","fred.wang","ASSIGNED"," ---","2020-02-21 03:57:36","2020-02-24 23:41:17"
172026,"WebKit","CSS","jh718.park","ASSIGNED"," ---","2017-05-12 02:39:14","2020-02-16 04:41:40"
198375,"WebKit","Layout and Rendering","jh718.park","ASSIGNED"," ---","2019-05-30 08:19:37","2020-02-17 03:53:34"
205734,"WebKit","WebGL","kbr","ASSIGNED"," ---","2020-01-03 10:58:58","2020-02-22 17:25:59"
207857,"WebKit","WebGL","kbr","ASSIGNED"," ---","2020-02-17 13:35:55","2020-02-22 17:25:59"
204457,"WebKit","JavaScriptCore","mark.lam","ASSIGNED"," ---","2019-11-21 09:47:47","2020-02-18 03:10:59"
207968,"WebKit","Web Inspector","nvasilyev","ASSIGNED"," ---","2020-02-19 15:05:18","2020-02-19 19:25:35"
208025,"WebKit","Web Inspector","nvasilyev","ASSIGNED"," ---","2020-02-20 12:51:46","2020-02-20 13:11:36"
208028,"WebKit","Web Inspector","nvasilyev","ASSIGNED"," ---","2020-02-20 13:15:39","2020-02-20 13:19:33"
208163,"WebKit","Web Inspector","nvasilyev","ASSIGNED"," ---","2020-02-24 16:10:25","2020-02-24 16:36:49"
206182,"WebKit","JavaScriptCore","rmorisset","ASSIGNED"," ---","2020-01-13 10:56:48","2020-02-21 20:03:20"
101609,"WebKit","Layout and Rendering","simon.fraser","ASSIGNED"," ---","2012-11-08 08:15:54","2020-02-18 15:07:34"
207826,"WebKit","Scrolling","simon.fraser","ASSIGNED"," ---","2020-02-15 21:03:42","2020-02-17 14:37:11"
206934,"WebKit","New Bugs","cdumez","REOPENED"," ---","2020-01-29 08:07:39","2020-02-21 13:37:26"
207908,"WebKit","WebKit2","cdumez","REOPENED"," ---","2020-02-18 13:17:32","2020-02-20 12:01:29"
197684,"WebKit","WebKit2","chris.reid","REOPENED"," ---","2019-05-07 21:07:48","2020-02-25 00:49:03"
207895,"WebKit","Tools / Tests","commit-queue","REOPENED"," ---","2020-02-18 09:06:55","2020-02-18 15:10:50"
207529,"WebKit","WPE WebKit","lmoura","REOPENED"," ---","2020-02-10 19:27:10","2020-02-17 00:56:11"
207155,"WebKit","New Bugs","sam","REOPENED"," ---","2020-02-03 15:16:52","2020-02-21 18:45:32"
202874,"WebKit","New Bugs","sihui_liu","REOPENED"," ---","2019-10-11 19:10:30","2020-02-24 14:19:34"
132126,"WebKit","Tools / Tests","webkit-unassigned","REOPENED"," ---","2014-04-24 08:18:39","2020-02-19 14:24:56"
140201,"WebKit","WebKit2","webkit-unassigned","REOPENED"," ---","2015-01-07 13:51:09","2020-02-19 00:19:21"
176282,"WebKit","WebRTC","webkit-unassigned","REOPENED"," ---","2017-09-02 13:23:00","2020-02-18 01:53:08"
206565,"WebKit","Bindings","webkit-unassigned","REOPENED"," ---","2020-01-21 18:10:36","2020-02-16 20:18:21"
176896,"WebKit","Layout and Rendering","simon.fraser","RESOLVED","FIXED","2017-09-14 04:59:33","2020-02-24 09:31:20"
201927,"WebKit","Tools / Tests","aakash_jain","RESOLVED","FIXED","2019-09-18 11:48:30","2020-02-19 07:41:55"
203829,"WebKit","Tools / Tests","aakash_jain","RESOLVED","FIXED","2019-11-04 15:16:07","2020-02-19 10:39:54"
203858,"WebKit","Tools / Tests","aakash_jain","RESOLVED","FIXED","2019-11-05 11:27:53","2020-02-20 08:06:56"
206534,"WebKit","Tools / Tests","aakash_jain","RESOLVED","FIXED","2020-01-21 08:21:12","2020-02-19 07:41:55"
206536,"WebKit","Tools / Tests","aakash_jain","RESOLVED","FIXED","2020-01-21 08:29:47","2020-02-19 07:41:55"
207387,"WebKit","Tools / Tests","aakash_jain","RESOLVED","FIXED","2020-02-07 09:28:03","2020-02-19 07:41:55"
207492,"WebKit","Tools / Tests","aakash_jain","RESOLVED","FIXED","2020-02-10 12:12:25","2020-02-19 07:41:55"
207556,"WebKit","Tools / Tests","aakash_jain","RESOLVED","FIXED","2020-02-11 09:10:26","2020-02-17 08:50:18"
207845,"WebKit","Tools / Tests","aakash_jain","RESOLVED","FIXED","2020-02-17 10:08:28","2020-02-19 07:39:14"
208021,"WebKit","Tools / Tests","aakash_jain","RESOLVED","FIXED","2020-02-20 11:22:10","2020-02-21 10:25:14"
208031,"WebKit","Tools / Tests","aakash_jain","RESOLVED","FIXED","2020-02-20 13:54:48","2020-02-20 14:14:14"
208064,"WebKit","Tools / Tests","aakash_jain","RESOLVED","FIXED","2020-02-21 10:36:00","2020-02-21 13:13:15"
208138,"WebKit","Tools / Tests","aakash_jain","RESOLVED","FIXED","2020-02-24 08:33:01","2020-02-24 16:56:14"
208001,"WebKit","WebKitGTK","aboya","RESOLVED","FIXED","2020-02-20 04:34:40","2020-02-21 04:31:42"
196161,"WebKit","New Bugs","achristensen","RESOLVED","FIXED","2019-03-22 15:11:43","2020-02-19 01:38:50"
199817,"WebKit","New Bugs","achristensen","RESOLVED","FIXED","2019-07-15 17:31:30","2020-02-19 13:41:20"
205224,"WebKit","WebKit Misc.","achristensen","RESOLVED","FIXED","2019-12-13 16:07:20","2020-02-24 11:18:17"
205751,"WebKit","New Bugs","achristensen","RESOLVED","FIXED","2020-01-03 14:46:15","2020-02-18 11:55:52"
207856,"WebKit","New Bugs","achristensen","RESOLVED","FIXED","2020-02-17 13:34:43","2020-02-17 15:00:13"
207912,"WebKit","New Bugs","achristensen","RESOLVED","FIXED","2020-02-18 15:00:03","2020-02-18 15:49:20"
159475,"WebKit","WebKit Misc.","ajuma","RESOLVED","FIXED","2016-07-06 10:24:10","2020-02-21 07:03:00"
207958,"WebKit","New Bugs","andresg_22","RESOLVED","FIXED","2020-02-19 13:24:39","2020-02-20 06:07:18"
208074,"WebKit","New Bugs","andresg_22","RESOLVED","FIXED","2020-02-21 13:51:50","2020-02-23 16:55:15"
208133,"WebKit","New Bugs","andresg_22","RESOLVED","FIXED","2020-02-24 06:23:30","2020-02-24 07:49:12"
208153,"WebKit","New Bugs","andresg_22","RESOLVED","FIXED","2020-02-24 13:06:56","2020-02-24 14:20:17"
207757,"WebKit","Tools / Tests","aperez","RESOLVED","FIXED","2020-02-14 04:44:38","2020-02-16 16:52:56"
208111,"WebKit","Tools / Tests","aperez","RESOLVED","FIXED","2020-02-23 13:55:39","2020-02-23 16:32:15"
207974,"WebKit","WebDriver","bburg","RESOLVED","FIXED","2020-02-19 16:40:38","2020-02-19 22:11:38"
205239,"WebKit","WebCore Misc.","beidson","RESOLVED","FIXED","2019-12-14 14:06:53","2020-02-19 00:18:50"
207427,"WebKit","WebKit API","beidson","RESOLVED","FIXED","2020-02-08 10:26:12","2020-02-17 11:39:17"
207719,"WebKit","WebKit2","bfulgham","RESOLVED","FIXED","2020-02-13 13:59:12","2020-02-18 15:49:58"
207743,"WebKit","WebKit2","bfulgham","RESOLVED","FIXED","2020-02-13 21:25:43","2020-02-17 12:33:30"
207850,"WebKit","Tools / Tests","bfulgham","RESOLVED","FIXED","2020-02-17 12:14:37","2020-02-17 14:54:32"
207917,"WebKit","WebKit Misc.","bfulgham","RESOLVED","FIXED","2020-02-18 15:14:11","2020-02-19 10:36:51"
208073,"WebKit","WebKit2","bfulgham","RESOLVED","FIXED","2020-02-21 13:25:14","2020-02-21 14:25:24"
201641,"WebKit","Images","cathiechen","RESOLVED","FIXED","2019-09-10 06:36:38","2020-02-22 12:16:18"
207880,"WebKit","Images","cathiechen","RESOLVED","FIXED","2020-02-17 22:29:30","2020-02-19 01:25:41"
195954,"WebKit","WebKit2","cdumez","RESOLVED","FIXED","2019-03-19 10:48:40","2020-02-18 12:52:35"
207189,"WebKit","WebKit2","cdumez","RESOLVED","FIXED","2020-02-04 01:48:58","2020-02-20 10:31:36"
207593,"WebKit","WebKit2","cdumez","RESOLVED","FIXED","2020-02-11 15:46:06","2020-02-24 16:23:01"
207698,"WebKit","Page Loading","cdumez","RESOLVED","FIXED","2020-02-13 08:49:10","2020-02-17 19:12:50"
207868,"WebKit","WebKit2","cdumez","RESOLVED","FIXED","2020-02-17 16:26:19","2020-02-18 09:00:17"
207905,"WebKit","WebKit2","cdumez","RESOLVED","FIXED","2020-02-18 12:52:35","2020-02-18 16:22:52"
207909,"WebKit","WebKit2","cdumez","RESOLVED","FIXED","2020-02-18 13:41:30","2020-02-18 16:14:06"
207949,"WebKit","WebKit2","cdumez","RESOLVED","FIXED","2020-02-19 10:02:00","2020-02-19 12:01:57"
207959,"WebKit","WebKit2","cdumez","RESOLVED","FIXED","2020-02-19 13:41:20","2020-02-19 15:34:03"
207967,"WebKit","WebKit2","cdumez","RESOLVED","FIXED","2020-02-19 15:01:07","2020-02-20 12:27:36"
208015,"WebKit","WebKit2","cdumez","RESOLVED","FIXED","2020-02-20 10:31:36","2020-02-20 12:06:24"
208029,"WebKit","WebKit2","cdumez","RESOLVED","FIXED","2020-02-20 13:17:05","2020-02-21 13:19:21"
208057,"WebKit","WebKit2","cdumez","RESOLVED","FIXED","2020-02-21 08:12:17","2020-02-22 03:18:46"
208058,"WebKit","WebKit2","cdumez","RESOLVED","FIXED","2020-02-21 08:17:31","2020-02-21 10:18:57"
208145,"WebKit","CSS","cdumez","RESOLVED","FIXED","2020-02-24 10:46:01","2020-02-24 12:29:16"
208152,"WebKit","WebKit2","cdumez","RESOLVED","FIXED","2020-02-24 12:33:25","2020-02-24 14:08:36"
202789,"WebKit","WebKitGTK","clopez","RESOLVED","FIXED","2019-10-10 03:12:29","2020-02-17 10:41:49"
207644,"WebKit","Tools / Tests","clopez","RESOLVED","FIXED","2020-02-12 10:30:59","2020-02-17 07:32:03"
207900,"WebKit","Forms","clopez","RESOLVED","FIXED","2020-02-18 10:52:09","2020-02-21 03:23:21"
208007,"WebKit","CMake","clopez","RESOLVED","FIXED","2020-02-20 08:48:27","2020-02-20 09:40:26"
207885,"WebKit","Images","clord","RESOLVED","FIXED","2020-02-18 03:56:34","2020-02-18 08:40:52"
207807,"WebKit","New Bugs","commit-queue","RESOLVED","FIXED","2020-02-14 22:46:45","2020-02-16 01:14:03"
207996,"WebKit","New Bugs","commit-queue","RESOLVED","FIXED","2020-02-19 22:21:06","2020-02-19 22:25:12"
208019,"WebKit","Tools / Tests","commit-queue","RESOLVED","FIXED","2020-02-20 11:16:41","2020-02-24 07:32:28"
208024,"WebKit","New Bugs","commit-queue","RESOLVED","FIXED","2020-02-20 12:01:27","2020-02-20 12:57:13"
207816,"WebKit","WebCore Misc.","darin","RESOLVED","FIXED","2020-02-15 15:37:05","2020-02-23 13:42:16"
208092,"WebKit","WebCore Misc.","darin","RESOLVED","FIXED","2020-02-22 08:44:24","2020-02-22 21:21:50"
208097,"WebKit","DOM","darin","RESOLVED","FIXED","2020-02-22 17:03:53","2020-02-24 16:48:49"
208098,"WebKit","DOM","darin","RESOLVED","FIXED","2020-02-22 21:17:44","2020-02-23 14:46:27"
208099,"WebKit","WebKit Misc.","darin","RESOLVED","FIXED","2020-02-22 21:29:28","2020-02-23 14:46:17"
208100,"WebKit","DOM","darin","RESOLVED","FIXED","2020-02-22 22:06:54","2020-02-23 14:45:58"
208102,"WebKit","DOM","darin","RESOLVED","FIXED","2020-02-22 23:26:11","2020-02-23 14:45:45"
208114,"WebKit","Media","darin","RESOLVED","FIXED","2020-02-23 14:55:18","2020-02-24 23:26:16"
207865,"WebKit","WebKit Misc.","dbates","RESOLVED","FIXED","2020-02-17 15:19:26","2020-02-18 09:12:17"
207866,"WebKit","WebCore Misc.","dbates","RESOLVED","FIXED","2020-02-17 15:31:28","2020-02-19 20:28:40"
207955,"WebKit","WebKit Misc.","dbates","RESOLVED","FIXED","2020-02-19 13:12:10","2020-02-19 14:02:16"
207960,"WebKit","WebCore Misc.","dbates","RESOLVED","FIXED","2020-02-19 13:45:35","2020-02-21 10:03:17"
205483,"WebKit","New Bugs","dino","RESOLVED","FIXED","2019-12-19 17:27:56","2020-02-20 11:35:08"
207872,"WebKit","WebGL","dino","RESOLVED","FIXED","2020-02-17 17:51:34","2020-02-18 09:46:17"
199454,"WebKit","Tools / Tests","don.olmstead","RESOLVED","FIXED","2019-07-03 10:02:33","2020-02-16 05:00:59"
205166,"WebKit","CMake","don.olmstead","RESOLVED","FIXED","2019-12-12 09:11:18","2020-02-17 07:37:46"
207970,"WebKit","CMake","don.olmstead","RESOLVED","FIXED","2020-02-19 15:30:31","2020-02-20 06:28:43"
207982,"WebKit","CMake","don.olmstead","RESOLVED","FIXED","2020-02-19 18:20:14","2020-02-20 07:00:38"
207947,"WebKit","New Bugs","dpino","RESOLVED","FIXED","2020-02-19 09:35:42","2020-02-19 19:26:14"
207988,"WebKit","New Bugs","dpino","RESOLVED","FIXED","2020-02-19 20:32:12","2020-02-20 01:37:17"
208051,"WebKit","New Bugs","dpino","RESOLVED","FIXED","2020-02-21 06:31:52","2020-02-22 05:27:47"
208103,"WebKit","New Bugs","dpino","RESOLVED","FIXED","2020-02-23 02:11:40","2020-02-23 04:21:14"
208105,"WebKit","New Bugs","dpino","RESOLVED","FIXED","2020-02-23 03:50:57","2020-02-23 09:45:16"
208124,"WebKit","New Bugs","dpino","RESOLVED","FIXED","2020-02-24 01:10:33","2020-02-24 03:44:17"
208128,"WebKit","New Bugs","dpino","RESOLVED","FIXED","2020-02-24 02:50:29","2020-02-24 09:08:13"
208140,"WebKit","New Bugs","dpino","RESOLVED","FIXED","2020-02-24 08:40:12","2020-02-24 15:16:15"
207489,"WebKit","WebRTC","eric.carlson","RESOLVED","FIXED","2020-02-10 11:47:58","2020-02-19 15:58:53"
207904,"WebKit","Media","eric.carlson","RESOLVED","FIXED","2020-02-18 12:51:48","2020-02-20 19:35:57"
208053,"WebKit","WebCore Misc.","fred.wang","RESOLVED","FIXED","2020-02-21 07:03:00","2020-02-21 09:07:17"
207760,"WebKit","Animations","graouts","RESOLVED","FIXED","2020-02-14 07:13:01","2020-02-24 02:49:54"
207979,"WebKit","Animations","graouts","RESOLVED","FIXED","2020-02-19 17:29:19","2020-02-24 08:05:15"
207380,"WebKit","Tools / Tests","Hironori.Fujii","RESOLVED","FIXED","2020-02-07 03:58:06","2020-02-20 19:06:14"
207746,"WebKit","Web Template Framework","Hironori.Fujii","RESOLVED","FIXED","2020-02-13 21:53:29","2020-02-16 18:52:13"
207749,"WebKit","Tools / Tests","Hironori.Fujii","RESOLVED","FIXED","2020-02-14 00:05:26","2020-02-19 18:11:16"
207883,"WebKit","Tools / Tests","Hironori.Fujii","RESOLVED","FIXED","2020-02-18 01:23:45","2020-02-18 16:50:15"
207999,"WebKit","Tools / Tests","Hironori.Fujii","RESOLVED","FIXED","2020-02-20 03:02:31","2020-02-20 15:13:18"
207646,"WebKit","Tools / Tests","jbedard","RESOLVED","FIXED","2020-02-12 10:43:43","2020-02-24 10:57:37"
207910,"WebKit","Tools / Tests","jbedard","RESOLVED","FIXED","2020-02-18 14:05:44","2020-02-20 07:27:52"
208068,"WebKit","Tools / Tests","jbedard","RESOLVED","FIXED","2020-02-21 11:42:08","2020-02-21 13:42:38"
205610,"WebKit","New Bugs","jdarpinian","RESOLVED","FIXED","2019-12-27 16:45:00","2020-02-17 12:09:17"
191516,"WebKit","WebCore Misc.","jiewen_tan","RESOLVED","FIXED","2018-11-11 17:04:07","2020-02-16 22:56:52"
207985,"WebKit","WebKit Misc.","jiewen_tan","RESOLVED","FIXED","2020-02-19 19:42:05","2020-02-20 14:07:13"
207684,"WebKit","Accessibility","jlewis3","RESOLVED","FIXED","2020-02-12 23:15:12","2020-02-21 10:08:23"
207587,"WebKit","Web Inspector","jond","RESOLVED","FIXED","2020-02-11 14:40:55","2020-02-17 14:41:19"
207980,"WebKit","Web Inspector","jond","RESOLVED","FIXED","2020-02-19 17:50:55","2020-02-19 22:20:16"
208078,"WebKit","New Bugs","justin_fan","RESOLVED","FIXED","2020-02-21 16:18:00","2020-02-24 16:49:12"
207269,"WebKit","WebCore Misc.","katherine_cheney","RESOLVED","FIXED","2020-02-05 08:27:12","2020-02-19 23:18:21"
207523,"WebKit","WebKit Misc.","katherine_cheney","RESOLVED","FIXED","2020-02-10 17:08:55","2020-02-19 09:11:10"
207840,"WebKit","WebKit Misc.","katherine_cheney","RESOLVED","FIXED","2020-02-17 08:29:47","2020-02-18 10:09:20"
207936,"WebKit","WebKit Misc.","katherine_cheney","RESOLVED","FIXED","2020-02-19 08:05:55","2020-02-19 12:22:07"
207944,"WebKit","New Bugs","katherine_cheney","RESOLVED","FIXED","2020-02-19 09:08:22","2020-02-20 15:45:34"
208026,"WebKit","WebKit Misc.","katherine_cheney","RESOLVED","FIXED","2020-02-20 12:54:27","2020-02-21 19:44:15"
202836,"WebKit","WebGL","kbr","RESOLVED","FIXED","2019-10-10 17:51:39","2020-02-18 16:48:08"
207898,"WebKit","New Bugs","keith_miller","RESOLVED","FIXED","2020-02-18 10:51:16","2020-02-18 21:38:19"
207952,"WebKit","New Bugs","keith_miller","RESOLVED","FIXED","2020-02-19 11:04:01","2020-02-19 13:24:15"
208151,"WebKit","New Bugs","keith_miller","RESOLVED","FIXED","2020-02-24 12:28:07","2020-02-24 15:52:22"
207931,"WebKit","Layout and Rendering","koivisto","RESOLVED","FIXED","2020-02-19 02:25:01","2020-02-20 11:43:01"
207831,"WebKit","New Bugs","lmoura","RESOLVED","FIXED","2020-02-16 19:51:07","2020-02-16 20:36:13"
207925,"WebKit","New Bugs","lmoura","RESOLVED","FIXED","2020-02-18 19:41:22","2020-02-18 20:08:03"
207928,"WebKit","New Bugs","lmoura","RESOLVED","FIXED","2020-02-18 20:45:28","2020-02-18 21:21:14"
207965,"WebKit","New Bugs","lmoura","RESOLVED","FIXED","2020-02-19 14:36:23","2020-02-19 15:26:14"
208041,"WebKit","New Bugs","lmoura","RESOLVED","FIXED","2020-02-20 20:03:01","2020-02-21 04:39:16"
207871,"WebKit","JavaScriptCore","mark.lam","RESOLVED","FIXED","2020-02-17 16:45:27","2020-02-17 17:10:01"
207972,"WebKit","JavaScriptCore","mark.lam","RESOLVED","FIXED","2020-02-19 15:40:49","2020-02-21 08:21:57"
206506,"WebKit","WebKitGTK","mcatanzaro","RESOLVED","FIXED","2020-01-20 09:44:53","2020-02-20 23:44:14"
207984,"WebKit","WebKitGTK","mcatanzaro","RESOLVED","FIXED","2020-02-19 19:12:01","2020-02-21 09:22:44"
207789,"WebKit","New Bugs","megan_gardner","RESOLVED","FIXED","2020-02-14 13:54:33","2020-02-19 08:58:16"
207860,"WebKit","New Bugs","megan_gardner","RESOLVED","FIXED","2020-02-17 14:16:06","2020-02-17 16:50:47"
207963,"WebKit","New Bugs","megan_gardner","RESOLVED","FIXED","2020-02-19 14:30:20","2020-02-20 15:16:36"
207989,"WebKit","New Bugs","mjs","RESOLVED","FIXED","2020-02-19 20:35:36","2020-02-19 21:37:13"
207598,"WebKit","Page Loading","nham","RESOLVED","FIXED","2020-02-11 16:14:37","2020-02-19 18:29:30"
207777,"WebKit","Page Loading","nham","RESOLVED","FIXED","2020-02-14 10:06:58","2020-02-19 16:27:27"
207964,"WebKit","Page Loading","nham","RESOLVED","FIXED","2020-02-19 14:30:25","2020-02-19 17:12:33"
207819,"WebKit","Web Inspector","nvasilyev","RESOLVED","FIXED","2020-02-15 17:37:33","2020-02-17 16:26:57"
207852,"WebKit","CSS","obrufau","RESOLVED","FIXED","2020-02-17 12:24:47","2020-02-18 06:48:15"
206132,"WebKit","Media","peng.liu6","RESOLVED","FIXED","2020-01-11 11:45:44","2020-02-21 11:43:03"
207622,"WebKit","Media","peng.liu6","RESOLVED","FIXED","2020-02-12 03:42:05","2020-02-18 14:52:45"
207800,"WebKit","Media","peng.liu6","RESOLVED","FIXED","2020-02-14 16:43:03","2020-02-16 20:31:30"
207834,"WebKit","Media","peng.liu6","RESOLVED","FIXED","2020-02-16 22:43:51","2020-02-19 16:57:33"
207404,"WebKit","WebKit2","pfeldman","RESOLVED","FIXED","2020-02-07 13:55:29","2020-02-19 16:40:59"
207752,"WebKit","New Bugs","pmatos","RESOLVED","FIXED","2020-02-14 02:30:11","2020-02-18 12:10:15"
207753,"WebKit","New Bugs","pmatos","RESOLVED","FIXED","2020-02-14 03:21:32","2020-02-16 18:07:14"
207838,"WebKit","CMake","pnormand","RESOLVED","FIXED","2020-02-17 06:16:24","2020-02-20 08:48:27"
208046,"WebKit","Platform","pnormand","RESOLVED","FIXED","2020-02-21 02:05:55","2020-02-24 01:15:16"
203214,"WebKit","WebKit Misc.","pvollan","RESOLVED","FIXED","2019-10-21 14:55:49","2020-02-17 10:31:36"
203420,"WebKit","WebKit Misc.","pvollan","RESOLVED","FIXED","2019-10-25 09:35:32","2020-02-17 11:52:24"
204320,"WebKit","WebKit Misc.","pvollan","RESOLVED","FIXED","2019-11-18 14:55:10","2020-02-18 10:27:08"
207494,"WebKit","WebKit Misc.","pvollan","RESOLVED","FIXED","2020-02-10 13:00:30","2020-02-17 10:20:03"
207897,"WebKit","WebKit Misc.","pvollan","RESOLVED","FIXED","2020-02-18 10:38:15","2020-02-24 15:19:06"
207977,"WebKit","WebKit Misc.","pvollan","RESOLVED","FIXED","2020-02-19 17:10:52","2020-02-20 08:23:05"
208066,"WebKit","WebKit Misc.","pvollan","RESOLVED","FIXED","2020-02-21 10:57:03","2020-02-21 11:23:44"
200000,"WebKit","Page Loading","rbuis","RESOLVED","FIXED","2019-07-22 08:42:09","2020-02-24 09:24:25"
200764,"WebKit","Images","rbuis","RESOLVED","FIXED","2019-08-15 02:38:08","2020-02-22 12:29:21"
204147,"WebKit","WebCore Misc.","rbuis","RESOLVED","FIXED","2019-11-13 01:19:42","2020-02-24 07:51:17"
207902,"WebKit","New Bugs","rbuis","RESOLVED","FIXED","2020-02-18 12:32:36","2020-02-20 06:47:14"
207946,"WebKit","New Bugs","rbuis","RESOLVED","FIXED","2020-02-19 09:11:44","2020-02-19 10:00:19"
170934,"WebKit","JavaScriptCore","ross.kirsling","RESOLVED","FIXED","2017-04-18 00:37:21","2020-02-24 10:21:29"
207297,"WebKit","JavaScriptCore","ross.kirsling","RESOLVED","FIXED","2020-02-05 14:43:25","2020-02-18 12:02:21"
206621,"WebKit","Canvas","sabouhallawa","RESOLVED","FIXED","2020-01-22 15:45:29","2020-02-18 01:31:38"
207048,"WebKit","Canvas","sabouhallawa","RESOLVED","FIXED","2020-01-31 08:59:48","2020-02-18 17:13:29"
207109,"WebKit","Canvas","sabouhallawa","RESOLVED","FIXED","2020-02-03 00:11:04","2020-02-21 12:27:12"
174313,"WebKit","DOM","shvaikalesh","RESOLVED","FIXED","2017-07-10 09:34:41","2020-02-16 17:41:34"
207377,"WebKit","WebCore Misc.","sihui_liu","RESOLVED","FIXED","2020-02-07 01:51:22","2020-02-17 09:45:00"
208027,"WebKit","New Bugs","sihui_liu","RESOLVED","FIXED","2020-02-20 13:02:54","2020-02-20 16:20:17"
207674,"WebKit","New Bugs","simon.fraser","RESOLVED","FIXED","2020-02-12 19:08:25","2020-02-19 09:40:03"
208085,"WebKit","Scrolling","simon.fraser","RESOLVED","FIXED","2020-02-21 18:19:13","2020-02-24 15:47:18"
208156,"WebKit","New Bugs","simon.fraser","RESOLVED","FIXED","2020-02-24 13:54:59","2020-02-24 17:39:10"
208170,"WebKit","New Bugs","simon.fraser","RESOLVED","DUPLICATE","2020-02-24 17:16:08","2020-02-24 17:17:52"
207867,"WebKit","New Bugs","thorton","RESOLVED","FIXED","2020-02-17 15:38:01","2020-02-17 18:26:28"
207876,"WebKit","New Bugs","thorton","RESOLVED","FIXED","2020-02-17 18:41:57","2020-02-19 12:52:16"
207998,"WebKit","New Bugs","thorton","RESOLVED","FIXED","2020-02-20 01:54:25","2020-02-20 11:14:40"
208147,"WebKit","New Bugs","thorton","RESOLVED","FIXED","2020-02-24 11:00:57","2020-02-24 13:51:56"
208149,"WebKit","JavaScriptCore","ticaiolima","RESOLVED","FIXED","2020-02-24 11:57:59","2020-02-24 13:43:20"
207727,"WebKit","JavaScriptCore","tzagallo","RESOLVED","FIXED","2020-02-13 15:38:15","2020-02-15 17:32:54"
207849,"WebKit","JavaScriptCore","tzagallo","RESOLVED","FIXED","2020-02-17 11:12:05","2020-02-17 13:24:19"
207478,"WebKit","Web Template Framework","vjaquez","RESOLVED","FIXED","2020-02-10 10:24:08","2020-02-17 10:49:14"
134330,"WebKit","WebKit API","webkit-unassigned","RESOLVED","DUPLICATE","2014-06-25 20:38:12","2020-02-19 00:18:46"
134573,"WebKit","Tools / Tests","webkit-unassigned","RESOLVED","FIXED","2014-07-02 17:51:33","2020-02-19 13:55:17"
136674,"WebKit","Tools / Tests","webkit-unassigned","RESOLVED","WORKSFORME","2014-09-09 12:06:51","2020-02-19 14:28:13"
143873,"WebKit","Tools / Tests","webkit-unassigned","RESOLVED","WORKSFORME","2015-04-17 04:30:07","2020-02-19 14:30:23"
143875,"WebKit","Tools / Tests","webkit-unassigned","RESOLVED","WORKSFORME","2015-04-17 04:34:12","2020-02-19 14:32:23"
145004,"WebKit","JavaScriptCore","webkit-unassigned","RESOLVED","WORKSFORME","2015-05-14 09:24:05","2020-02-24 06:21:53"
145005,"WebKit","CSS","webkit-unassigned","RESOLVED","WORKSFORME","2015-05-14 09:24:09","2020-02-24 06:21:47"
145006,"WebKit","Layout and Rendering","webkit-unassigned","RESOLVED","WORKSFORME","2015-05-14 09:24:18","2020-02-24 06:21:41"
151030,"WebKit","Layout and Rendering","webkit-unassigned","RESOLVED","FIXED","2015-11-09 09:03:59","2020-02-19 22:41:27"
151702,"WebKit","WebKit Misc.","webkit-unassigned","RESOLVED","INVALID","2015-12-01 02:57:12","2020-02-19 03:31:51"
158205,"WebKit","Platform","webkit-unassigned","RESOLVED","FIXED","2016-05-30 07:36:57","2020-02-16 08:02:27"
170179,"WebKit","CSS","webkit-unassigned","RESOLVED","DUPLICATE","2017-03-28 09:08:23","2020-02-17 10:30:47"
183652,"WebKit","WebCore Misc.","webkit-unassigned","RESOLVED","CONFIGURATION CHANGED","2018-03-14 22:33:00","2020-02-19 21:05:33"
185448,"WebKit","Media","webkit-unassigned","RESOLVED","FIXED","2018-05-08 14:50:01","2020-02-17 13:53:36"
187984,"WebKit","Platform","webkit-unassigned","RESOLVED","FIXED","2018-07-24 19:14:40","2020-02-17 04:08:18"
191532,"WebKit","WebCore Misc.","webkit-unassigned","RESOLVED","FIXED","2018-11-11 18:28:01","2020-02-18 20:57:36"
194751,"WebKit","WebGL","webkit-unassigned","RESOLVED","DUPLICATE","2019-02-16 18:21:17","2020-02-18 16:48:08"
198181,"WebKit","New Bugs","webkit-unassigned","RESOLVED","FIXED","2019-05-23 09:48:12","2020-02-15 21:03:59"
198561,"WebKit","WebKitGTK","webkit-unassigned","RESOLVED","FIXED","2019-06-05 05:08:21","2020-02-18 13:17:32"
201048,"WebKit","Animations","webkit-unassigned","RESOLVED","FIXED","2019-08-22 12:47:00","2020-02-21 00:05:13"
201460,"WebKit","Images","webkit-unassigned","RESOLVED","FIXED","2019-09-04 07:32:07","2020-02-18 06:50:49"
202136,"WebKit","New Bugs","webkit-unassigned","RESOLVED","DUPLICATE","2019-09-23 23:50:07","2020-02-25 00:53:20"
203081,"WebKit","Animations","webkit-unassigned","RESOLVED","DUPLICATE","2019-10-17 06:57:14","2020-02-24 02:49:54"
204277,"WebKit","CSS","webkit-unassigned","RESOLVED","DUPLICATE","2019-11-16 12:22:06","2020-02-17 10:34:22"
204581,"WebKit","WebKitGTK","webkit-unassigned","RESOLVED","INVALID","2019-11-25 07:56:45","2020-02-18 05:35:12"
205053,"WebKit","WebRTC","webkit-unassigned","RESOLVED","DUPLICATE","2019-12-10 00:03:41","2020-02-24 05:46:11"
206984,"WebKit","WebKit2","webkit-unassigned","RESOLVED","FIXED","2020-01-29 20:19:35","2020-02-20 13:17:05"
207296,"WebKit","Layout and Rendering","webkit-unassigned","RESOLVED","FIXED","2020-02-05 14:30:06","2020-02-21 00:26:19"
207328,"WebKit","CSS","webkit-unassigned","RESOLVED","FIXED","2020-02-06 05:27:45","2020-02-17 01:38:14"
207379,"WebKit","WPE WebKit","webkit-unassigned","RESOLVED","FIXED","2020-02-07 02:20:41","2020-02-17 01:08:00"
207471,"WebKit","WPE WebKit","webkit-unassigned","RESOLVED","FIXED","2020-02-10 09:31:58","2020-02-17 02:13:08"
207491,"WebKit","New Bugs","webkit-unassigned","RESOLVED","FIXED","2020-02-10 12:05:00","2020-02-24 17:23:15"
207660,"WebKit","New Bugs","webkit-unassigned","RESOLVED","DUPLICATE","2020-02-12 13:43:38","2020-02-22 17:51:21"
207685,"WebKit","WebKitGTK","webkit-unassigned","RESOLVED","FIXED","2020-02-12 23:52:20","2020-02-17 01:03:32"
207686,"WebKit","WPE WebKit","webkit-unassigned","RESOLVED","FIXED","2020-02-13 03:10:52","2020-02-18 02:48:36"
207688,"WebKit","WPE WebKit","webkit-unassigned","RESOLVED","FIXED","2020-02-13 04:42:19","2020-02-18 03:13:23"
207694,"WebKit","WPE WebKit","webkit-unassigned","RESOLVED","FIXED","2020-02-13 06:50:38","2020-02-20 02:03:28"
207699,"WebKit","JavaScriptCore","webkit-unassigned","RESOLVED","INVALID","2020-02-13 09:01:47","2020-02-17 10:35:07"
207718,"WebKit","Images","webkit-unassigned","RESOLVED","FIXED","2020-02-13 13:13:55","2020-02-17 15:06:37"
207748,"WebKit","HTML Editing","webkit-unassigned","RESOLVED","FIXED","2020-02-14 00:01:42","2020-02-17 13:36:30"
207758,"WebKit","WPE WebKit","webkit-unassigned","RESOLVED","FIXED","2020-02-14 06:18:16","2020-02-20 02:32:11"
207761,"WebKit","WPE WebKit","webkit-unassigned","RESOLVED","FIXED","2020-02-14 07:15:25","2020-02-17 02:54:54"
207769,"WebKit","New Bugs","webkit-unassigned","RESOLVED","DUPLICATE","2020-02-14 08:33:45","2020-02-16 18:31:45"
207821,"WebKit","WebCore Misc.","webkit-unassigned","RESOLVED","DUPLICATE","2020-02-15 18:01:23","2020-02-16 22:56:52"
207828,"WebKit","Accessibility","webkit-unassigned","RESOLVED","FIXED","2020-02-16 15:16:43","2020-02-20 13:50:40"
207836,"WebKit","WPE WebKit","webkit-unassigned","RESOLVED","FIXED","2020-02-17 02:56:39","2020-02-20 02:40:38"
207837,"WebKit","Page Loading","webkit-unassigned","RESOLVED","FIXED","2020-02-17 05:03:46","2020-02-17 08:46:14"
207841,"WebKit","New Bugs","webkit-unassigned","RESOLVED","FIXED","2020-02-17 08:34:31","2020-02-17 13:10:32"
207851,"WebKit","Tools / Tests","webkit-unassigned","RESOLVED","DUPLICATE","2020-02-17 12:24:31","2020-02-22 16:56:50"
207873,"WebKit","Layout and Rendering","webkit-unassigned","RESOLVED","INVALID","2020-02-17 17:58:57","2020-02-17 18:27:06"
207875,"WebKit","Layout and Rendering","webkit-unassigned","RESOLVED","FIXED","2020-02-17 18:30:33","2020-02-19 19:37:01"
207889,"WebKit","Page Loading","webkit-unassigned","RESOLVED","FIXED","2020-02-18 06:20:22","2020-02-18 13:58:19"
207914,"WebKit","Tools / Tests","webkit-unassigned","RESOLVED","FIXED","2020-02-18 15:07:26","2020-02-19 11:47:15"
207915,"WebKit","Tools / Tests","webkit-unassigned","RESOLVED","DUPLICATE","2020-02-18 15:09:57","2020-02-18 15:33:58"
207930,"WebKit","Platform","webkit-unassigned","RESOLVED","FIXED","2020-02-19 01:26:18","2020-02-20 12:07:17"
207934,"WebKit","Layout and Rendering","webkit-unassigned","RESOLVED","INVALID","2020-02-19 07:32:09","2020-02-19 07:47:38"
207951,"WebKit","New Bugs","webkit-unassigned","RESOLVED","CONFIGURATION CHANGED","2020-02-19 11:03:21","2020-02-19 21:16:48"
207975,"WebKit","Layout and Rendering","webkit-unassigned","RESOLVED","FIXED","2020-02-19 17:03:30","2020-02-20 18:58:01"
207981,"WebKit","Forms","webkit-unassigned","RESOLVED","INVALID","2020-02-19 18:00:46","2020-02-19 18:45:19"
208002,"WebKit","WPE WebKit","webkit-unassigned","RESOLVED","FIXED","2020-02-20 05:10:40","2020-02-21 03:05:43"
208004,"WebKit","Web Inspector","webkit-unassigned","RESOLVED","FIXED","2020-02-20 07:15:26","2020-02-20 08:38:34"
208010,"WebKit","New Bugs","webkit-unassigned","RESOLVED","DUPLICATE","2020-02-20 09:13:08","2020-02-22 17:51:25"
208032,"WebKit","Animations","webkit-unassigned","RESOLVED","INVALID","2020-02-20 14:43:41","2020-02-20 16:32:41"
208054,"WebKit","Layout and Rendering","webkit-unassigned","RESOLVED","FIXED","2020-02-21 07:28:41","2020-02-21 09:51:46"
208061,"WebKit","Web Audio","webkit-unassigned","RESOLVED","DUPLICATE","2020-02-21 09:17:59","2020-02-22 17:48:37"
208164,"WebKit","WebKit Misc.","webkit-unassigned","RESOLVED","FIXED","2020-02-24 16:11:20","2020-02-24 17:09:15"
208169,"WebKit","Accessibility","webkit-unassigned","RESOLVED","FIXED","2020-02-24 16:39:06","2020-02-24 22:22:18"
205322,"WebKit","HTML Editing","wenson_hsieh","RESOLVED","FIXED","2019-12-16 19:37:13","2020-02-24 09:29:14"
207352,"WebKit","WebKit Misc.","wenson_hsieh","RESOLVED","FIXED","2020-02-06 14:05:50","2020-02-21 12:23:50"
207824,"WebKit","Tools / Tests","wenson_hsieh","RESOLVED","FIXED","2020-02-15 20:43:55","2020-02-16 13:48:26"
207899,"WebKit","HTML Editing","wenson_hsieh","RESOLVED","FIXED","2020-02-18 10:51:52","2020-02-18 15:15:48"
207919,"WebKit","Tools / Tests","wenson_hsieh","RESOLVED","FIXED","2020-02-18 15:47:31","2020-02-18 20:15:17"
207929,"WebKit","WebKit2","wenson_hsieh","RESOLVED","FIXED","2020-02-18 21:43:22","2020-02-19 12:05:03"
207939,"WebKit","HTML Editing","wenson_hsieh","RESOLVED","FIXED","2020-02-19 08:36:16","2020-02-19 12:40:14"
208043,"WebKit","Forms","wenson_hsieh","RESOLVED","FIXED","2020-02-20 22:38:42","2020-02-21 11:03:36"
208072,"WebKit","WebCore Misc.","wenson_hsieh","RESOLVED","FIXED","2020-02-21 12:48:06","2020-02-21 13:39:07"
208086,"WebKit","Tools / Tests","wenson_hsieh","RESOLVED","FIXED","2020-02-21 19:43:54","2020-02-24 11:15:22"
208096,"WebKit","Tools / Tests","wenson_hsieh","RESOLVED","FIXED","2020-02-22 15:32:18","2020-02-22 18:30:12"
208113,"WebKit","WebKit2","wenson_hsieh","RESOLVED","FIXED","2020-02-23 14:40:05","2020-02-24 10:05:27"
208137,"WebKit","WebKit Misc.","wenson_hsieh","RESOLVED","FIXED","2020-02-24 08:06:25","2020-02-24 10:57:19"
208037,"WebKit","WebKit Misc.","wilander","RESOLVED","FIXED","2020-02-20 16:09:53","2020-02-20 17:25:38"
198133,"WebKit","Service Workers","youennf","RESOLVED","FIXED","2019-05-22 10:56:26","2020-02-17 13:27:41"
206958,"WebKit","Tools / Tests","youennf","RESOLVED","FIXED","2020-01-29 13:13:11","2020-02-18 09:24:26"
207509,"WebKit","Platform","youennf","RESOLVED","FIXED","2020-02-10 14:20:19","2020-02-20 14:11:50"
207548,"WebKit","WebRTC","youennf","RESOLVED","FIXED","2020-02-11 06:51:47","2020-02-18 10:20:16"
207661,"WebKit","Service Workers","youennf","RESOLVED","FIXED","2020-02-12 13:46:39","2020-02-17 18:49:19"
207721,"WebKit","Service Workers","youennf","RESOLVED","FIXED","2020-02-13 14:33:42","2020-02-17 12:43:14"
207739,"WebKit","Service Workers","youennf","RESOLVED","FIXED","2020-02-13 19:18:02","2020-02-18 19:26:35"
207794,"WebKit","WebCore Misc.","youennf","RESOLVED","FIXED","2020-02-14 14:52:06","2020-02-17 12:47:14"
207801,"WebKit","Page Loading","youennf","RESOLVED","FIXED","2020-02-14 17:22:09","2020-02-16 18:12:12"
207803,"WebKit","Service Workers","youennf","RESOLVED","FIXED","2020-02-14 18:17:13","2020-02-17 11:26:28"
207855,"WebKit","Page Loading","youennf","RESOLVED","FIXED","2020-02-17 13:33:02","2020-02-17 15:46:16"
207862,"WebKit","Page Loading","youennf","RESOLVED","FIXED","2020-02-17 14:59:57","2020-02-17 17:37:16"
207892,"WebKit","Media","youennf","RESOLVED","FIXED","2020-02-18 08:47:38","2020-02-18 11:43:12"
207893,"WebKit","Media","youennf","RESOLVED","FIXED","2020-02-18 08:48:56","2020-02-18 10:58:10"
207903,"WebKit","Page Loading","youennf","RESOLVED","FIXED","2020-02-18 12:51:12","2020-02-18 15:09:07"
207913,"WebKit","Page Loading","youennf","RESOLVED","FIXED","2020-02-18 15:00:56","2020-02-18 17:07:12"
207922,"WebKit","Media","youennf","RESOLVED","FIXED","2020-02-18 16:24:25","2020-02-18 19:39:48"
207924,"WebKit","Media","youennf","RESOLVED","FIXED","2020-02-18 16:48:08","2020-02-18 20:51:16"
207926,"WebKit","Media","youennf","RESOLVED","FIXED","2020-02-18 19:44:13","2020-02-19 12:55:17"
207940,"WebKit","Tools / Tests","youennf","RESOLVED","FIXED","2020-02-19 08:43:12","2020-02-19 14:10:29"
207950,"WebKit","WebRTC","youennf","RESOLVED","FIXED","2020-02-19 11:01:03","2020-02-19 19:52:15"
208009,"WebKit","WebRTC","youennf","RESOLVED","FIXED","2020-02-20 09:09:01","2020-02-20 11:18:19"
208011,"WebKit","Media","youennf","RESOLVED","FIXED","2020-02-20 09:14:12","2020-02-20 11:37:12"
208127,"WebKit","Page Loading","youennf","RESOLVED","FIXED","2020-02-24 02:21:30","2020-02-24 08:42:24"
208136,"WebKit","WebRTC","youennf","RESOLVED","FIXED","2020-02-24 07:49:53","2020-02-24 12:07:12"
208143,"WebKit","Service Workers","youennf","RESOLVED","FIXED","2020-02-24 09:37:27","2020-02-24 11:01:59"
206343,"WebKit","DOM","ysuzuki","RESOLVED","FIXED","2020-01-16 02:49:20","2020-02-24 17:39:04"
207336,"WebKit","WebAssembly","ysuzuki","RESOLVED","DUPLICATE","2020-02-06 09:02:52","2020-02-15 13:58:47"
207715,"WebKit","JavaScriptCore","ysuzuki","RESOLVED","FIXED","2020-02-13 12:23:43","2020-02-17 14:58:55"
207827,"WebKit","JavaScriptCore","ysuzuki","RESOLVED","FIXED","2020-02-16 02:50:58","2020-02-24 14:46:13"
207882,"WebKit","Page Loading","ysuzuki","RESOLVED","FIXED","2020-02-18 00:57:28","2020-02-20 14:23:41"
208162,"WebKit","Web Template Framework","ysuzuki","RESOLVED","FIXED","2020-02-24 15:51:25","2020-02-24 18:58:48"
208172,"WebKit","Web Template Framework","ysuzuki","RESOLVED","FIXED","2020-02-24 17:42:22","2020-02-24 23:04:20"
208173,"WebKit","New Bugs","ysuzuki","RESOLVED","FIXED","2020-02-24 18:48:12","2020-02-24 19:20:15"
187313,"WebKit","Layout and Rendering","zalan","RESOLVED","CONFIGURATION CHANGED","2018-07-03 19:18:29","2020-02-18 08:30:40"
191413,"WebKit","Layout and Rendering","zalan","RESOLVED","CONFIGURATION CHANGED","2018-11-07 21:12:20","2020-02-18 08:31:26"
199987,"WebKit","Layout and Rendering","zalan","RESOLVED","CONFIGURATION CHANGED","2019-07-20 21:44:35","2020-02-18 08:29:11"
207740,"WebKit","Layout and Rendering","zalan","RESOLVED","FIXED","2020-02-13 19:20:48","2020-02-17 14:51:02"
207802,"WebKit","Layout and Rendering","zalan","RESOLVED","FIXED","2020-02-14 17:50:24","2020-02-16 16:47:57"
207805,"WebKit","Layout and Rendering","zalan","RESOLVED","FIXED","2020-02-14 21:05:48","2020-02-15 07:17:42"
207814,"WebKit","Layout and Rendering","zalan","RESOLVED","FIXED","2020-02-15 05:35:42","2020-02-17 13:39:39"
207817,"WebKit","Layout and Rendering","zalan","RESOLVED","FIXED","2020-02-15 16:59:24","2020-02-16 07:09:52"
207818,"WebKit","Layout and Rendering","zalan","RESOLVED","FIXED","2020-02-15 17:05:06","2020-02-16 07:15:00"
207820,"WebKit","Layout and Rendering","zalan","RESOLVED","FIXED","2020-02-15 17:44:37","2020-02-16 07:18:59"
207822,"WebKit","Layout and Rendering","zalan","RESOLVED","FIXED","2020-02-15 18:32:49","2020-02-16 07:23:58"
207823,"WebKit","Layout and Rendering","zalan","RESOLVED","FIXED","2020-02-15 19:31:22","2020-02-16 07:38:40"
207825,"WebKit","Layout and Rendering","zalan","RESOLVED","FIXED","2020-02-15 20:54:44","2020-02-16 07:43:10"
207829,"WebKit","Layout and Rendering","zalan","RESOLVED","FIXED","2020-02-16 17:38:37","2020-02-17 12:23:47"
207830,"WebKit","Layout and Rendering","zalan","RESOLVED","FIXED","2020-02-16 19:00:49","2020-02-17 10:05:42"
207832,"WebKit","Layout and Rendering","zalan","RESOLVED","FIXED","2020-02-16 20:36:02","2020-02-17 13:11:11"
207833,"WebKit","Layout and Rendering","zalan","RESOLVED","FIXED","2020-02-16 21:39:29","2020-02-17 07:53:48"
207846,"WebKit","Layout and Rendering","zalan","RESOLVED","FIXED","2020-02-17 10:21:51","2020-02-17 13:07:18"
207869,"WebKit","Layout and Rendering","zalan","RESOLVED","FIXED","2020-02-17 16:30:43","2020-02-18 10:40:01"
207878,"WebKit","Layout and Rendering","zalan","RESOLVED","FIXED","2020-02-17 20:30:48","2020-02-18 08:03:01"
207879,"WebKit","Layout and Rendering","zalan","RESOLVED","FIXED","2020-02-17 20:59:54","2020-02-18 07:18:35"
207907,"WebKit","Layout and Rendering","zalan","RESOLVED","FIXED","2020-02-18 13:06:28","2020-02-18 16:31:53"
207921,"WebKit","Layout and Rendering","zalan","RESOLVED","FIXED","2020-02-18 15:59:48","2020-02-18 21:42:45"
207923,"WebKit","Layout and Rendering","zalan","RESOLVED","FIXED","2020-02-18 16:25:37","2020-02-18 17:23:56"
207937,"WebKit","Layout and Rendering","zalan","RESOLVED","FIXED","2020-02-19 08:25:11","2020-02-19 11:30:27"
207945,"WebKit","Layout and Rendering","zalan","RESOLVED","FIXED","2020-02-19 09:09:31","2020-02-19 10:15:09"
207956,"WebKit","Layout and Rendering","zalan","RESOLVED","FIXED","2020-02-19 13:16:53","2020-02-19 16:50:05"
207966,"WebKit","Layout and Rendering","zalan","RESOLVED","FIXED","2020-02-19 14:38:33","2020-02-19 16:48:15"
207983,"WebKit","Layout and Rendering","zalan","RESOLVED","FIXED","2020-02-19 18:43:06","2020-02-20 07:36:52"
207994,"WebKit","Layout and Rendering","zalan","RESOLVED","FIXED","2020-02-19 21:36:27","2020-02-20 07:19:42"
208006,"WebKit","Layout and Rendering","zalan","RESOLVED","FIXED","2020-02-20 08:02:09","2020-02-20 08:44:46"
208008,"WebKit","Layout and Rendering","zalan","RESOLVED","FIXED","2020-02-20 09:08:58","2020-02-20 14:59:31"
208013,"WebKit","Layout and Rendering","zalan","RESOLVED","FIXED","2020-02-20 10:10:18","2020-02-20 13:14:57"
208020,"WebKit","Layout and Rendering","zalan","RESOLVED","FIXED","2020-02-20 11:19:24","2020-02-20 19:40:44"
208055,"WebKit","Frames","zalan","RESOLVED","FIXED","2020-02-21 07:49:37","2020-02-24 16:40:20"
208107,"WebKit","Layout and Rendering","zalan","RESOLVED","FIXED","2020-02-23 10:59:23","2020-02-24 08:12:59"
208108,"WebKit","Layout and Rendering","zalan","RESOLVED","FIXED","2020-02-23 11:05:47","2020-02-24 09:44:14"
208109,"WebKit","Layout and Rendering","zalan","RESOLVED","FIXED","2020-02-23 11:11:44","2020-02-24 13:15:27"
208112,"WebKit","Layout and Rendering","zalan","RESOLVED","FIXED","2020-02-23 14:03:30","2020-02-24 23:39:35"
207881,"WebKit","New Bugs","zan","RESOLVED","FIXED","2020-02-17 23:22:31","2020-02-18 22:57:17"
207787,"WebKit","New Bugs","zhifei_fang","RESOLVED","FIXED","2020-02-14 13:34:53","2020-02-18 15:08:58"
15921,"WebKit","HTML Editing","webkit-unassigned","RESOLVED","DUPLICATE","2007-11-09 07:26:13","2020-02-17 15:10:26"
207843,"WebKit","New Bugs","webkit-unassigned","CLOSED","DUPLICATE","2020-02-17 09:13:57","2020-02-18 14:30:12"
207896,"WebKit","Canvas","webkit-unassigned","CLOSED","DUPLICATE","2020-02-18 09:28:50","2020-02-18 09:53:29"